1,UCLan Hoodie,Purple,cotton authentic character and practicality are combined in this comfy  warm and luxury hoodie for students that goes with everything to create casual looks,39.99,images/items/hoodies/hoodie1.jpg
2,UCLan Hoodie,Light Blue,cotton authentic character and practicality are combined in this comfy  warm and luxury hoodie for students that goes with everything to create casual looks,39.99,images/items/hoodies/hoodie2.jpg
3,UCLan Hoodie,Green,cotton authentic character and practicality are combined in this comfy  warm and luxury hoodie for students that goes with everything to create casual looks,39.99,images/items/hoodies/hoodie3.jpg
4,UCLan Hoodie,Dark Grey,cotton authentic character and practicality are combined in this comfy  warm and luxury hoodie for students that goes with everything to create casual looks,39.99,images/items/hoodies/hoodie4.jpg
5,UCLan Hoodie,Black,cotton authentic character and practicality are combined in this comfy  warm and luxury hoodie for students that goes with everything to create casual looks,39.99,images/items/hoodies/hoodie5.jpg
6,UCLan Hoodie,Salmon,cotton authentic character and practicality are combined in this comfy  warm and luxury hoodie for students that goes with everything to create casual looks,39.99,images/items/hoodies/hoodie6.jpg
7,UCLan Hoodie,Burgundy,cotton authentic character and practicality are combined in this comfy  warm and luxury hoodie for students that goes with everything to create casual looks,39.99,images/items/hoodies/hoodie7.jpg
8,UCLan Hoodie,Light Grey,cotton authentic character and practicality are combined in this comfy  warm and luxury hoodie for students that goes with everything to create casual looks,39.99,images/items/hoodies/hoodie8.jpg
9,UCLan Hoodie,Slate Blue,cotton authentic character and practicality are combined in this comfy  warm and luxury hoodie for students that goes with everything to create casual looks,39.99,images/items/hoodies/hoodie9.jpg
10,UCLan Hoodie,Orange,cotton authentic character and practicality are combined in this comfy  warm and luxury hoodie for students that goes with everything to create casual looks,39.99,images/items/hoodies/hoodie10.jpg
11,UCLan Hoodie,Teal,cotton authentic character and practicality are combined in this comfy  warm and luxury hoodie for students that goes with everything to create casual looks,39.99,images/items/hoodies/hoodie11.jpg
12,UCLan Hoodie,Navy,cotton authentic character and practicality are combined in this comfy  warm and luxury hoodie for students that goes with everything to create casual looks,39.99,images/items/hoodies/hoodie12.jpg
13,UCLan Hoodie,Orange,cotton authentic character and practicality are combined in this comfy  warm and luxury hoodie for students that goes with everything to create casual looks,39.99,images/items/hoodies/hoodie13.jpg
14,UCLan Hoodie,Creame,cotton authentic character and practicality are combined in this comfy  warm and luxury hoodie for students that goes with everything to create casual looks,39.99,images/items/hoodies/hoodie14.jpg
15,UCLan Hoodie,Lime,cotton authentic character and practicality are combined in this comfy  warm and luxury hoodie for students that goes with everything to create casual looks,39.99,images/items/hoodies/hoodie15.jpg
16,UCLan Hoodie,Off Blue,cotton authentic character and practicality are combined in this comfy  warm and luxury hoodie for students that goes with everything to create casual looks,39.99,images/items/hoodies/hoodie16.jpg
17,UCLan Hoodie,Red,cotton authentic character and practicality are combined in this comfy  warm and luxury hoodie for students that goes with everything to create casual looks,39.99,images/items/hoodies/hoodie17.jpg
18,UCLan Hoodie,Charcoal,cotton authentic character and practicality are combined in this comfy  warm and luxury hoodie for students that goes with everything to create casual looks,39.99,images/items/hoodies/hoodie18.jpg
19,UCLan Hoodie,Navy Blue,cotton authentic character and practicality are combined in this comfy  warm and luxury hoodie for students that goes with everything to create casual looks,39.99,images/items/hoodies/hoodie19.jpg
20,UCLan Hoodie,Lighter Grey,cotton authentic character and practicality are combined in this comfy  warm and luxury hoodie for students that goes with everything to create casual looks,39.99,images/items/hoodies/hoodie20.jpg
21,UCLan Hoodie,New Blue,cotton authentic character and practicality are combined in this comfy  warm and luxury hoodie for students that goes with everything to create casual looks,39.99,images/items/hoodies/hoodie21.jpg
22,UCLan Hoodie,Forest Green,cotton authentic character and practicality are combined in this comfy  warm and luxury hoodie for students that goes with everything to create casual looks,39.99,images/items/hoodies/hoodie22.jpg
23,UCLan Hoodie,Ocean Blue,cotton authentic character and practicality are combined in this comfy  warm and luxury hoodie for students that goes with everything to create casual looks,39.99,images/items/hoodies/hoodie23.jpg
24,UCLan Hoodie,Pink,cotton authentic character and practicality are combined in this comfy  warm and luxury hoodie for students that goes with everything to create casual looks,39.99,images/items/hoodies/hoodie24.jpg
25,UCLan Hoodie,Orange New,cotton authentic character and practicality are combined in this comfy  warm and luxury hoodie for students that goes with everything to create casual looks,39.99,images/items/hoodies/hoodie25.jpg
26,UCLan Hoodie,Black,cotton authentic character and practicality are combined in this comfy  warm and luxury hoodie for students that goes with everything to create casual looks,39.99,images/items/hoodies/hoodie26.jpg
27,UCLan Hoodie,Light Off Grey,cotton authentic character and practicality are combined in this comfy  warm and luxury hoodie for students that goes with everything to create casual looks,39.99,images/items/hoodies/hoodie27.jpg
28,UCLan Hoodie,Rusty Red,cotton authentic character and practicality are combined in this comfy  warm and luxury hoodie for students that goes with everything to create casual looks,39.99,images/items/hoodies/hoodie28.jpg
29,UCLan Hoodie,Slate Grey,cotton authentic character and practicality are combined in this comfy  warm and luxury hoodie for students that goes with everything to create casual looks,39.99,images/items/hoodies/hoodie29.jpg
30,UCLan Hoodie,Bright Green,cotton authentic character and practicality are combined in this comfy  warm and luxury hoodie for students that goes with everything to create casual looks,39.99,images/items/hoodies/hoodie30.jpg
31,UCLan Hoodie,Bright Pink,cotton authentic character and practicality are combined in this comfy  warm and luxury hoodie for students that goes with everything to create casual looks,39.99,images/items/hoodies/hoodie31.jpg
32,UCLan Hoodie,Burgundy New,cotton authentic character and practicality are combined in this comfy  warm and luxury hoodie for students that goes with everything to create casual looks,39.99,images/items/hoodies/hoodie32.jpg
33,UCLan Hoodie,Navy New,cotton authentic character and practicality are combined in this comfy  warm and luxury hoodie for students that goes with everything to create casual looks,39.99,images/items/hoodies/hoodie33.jpg
34,UCLan Hoodie,Bright Green,cotton authentic character and practicality are combined in this comfy  warm and luxury hoodie for students that goes with everything to create casual looks,39.99,images/items/hoodies/hoodie34.jpg
35,UCLan Logo Jumper,Purple,cotton authentic character and practicality are combined in this winter jumper for students that goes with everything to create casual looks,29.99,images/items/jumpers/jumper1.jpg
36,UCLan Logo Jumper,Rusty Red,cotton authentic character and practicality are combined in this winter jumper for students that goes with everything to create casual looks,29.99,images/items/jumpers/jumper2.jpg
37,UCLan Logo Jumper,Water Blue,cotton authentic character and practicality are combined in this winter jumper for students that goes with everything to create casual looks,29.99,images/items/jumpers/jumper3.jpg
38,UCLan Logo Jumper,White,cotton authentic character and practicality are combined in this winter jumper for students that goes with everything to create casual looks,29.99,images/items/jumpers/jumper4.jpg
39,UCLan Logo Jumper,Pink,cotton authentic character and practicality are combined in this winter jumper for students that goes with everything to create casual looks,29.99,images/items/jumpers/jumper5.jpg
40,UCLan Logo Jumper,Black,cotton authentic character and practicality are combined in this winter jumper for students that goes with everything to create casual looks,29.99,images/items/jumpers/jumper6.jpg
41,UCLan Logo Jumper,Old Blue,cotton authentic character and practicality are combined in this winter jumper for students that goes with everything to create casual looks,29.99,images/items/jumpers/jumper7.jpg
42,UCLan Logo Jumper,Dark Grey ,cotton authentic character and practicality are combined in this winter jumper for students that goes with everything to create casual looks,29.99,images/items/jumpers/jumper8.jpg
43,UCLan Logo Jumper,Red,cotton authentic character and practicality are combined in this winter jumper for students that goes with everything to create casual looks,29.99,images/items/jumpers/jumper9.jpg
44,UCLan Logo Jumper,Brown,cotton authentic character and practicality are combined in this winter jumper for students that goes with everything to create casual looks,29.99,images/items/jumpers/jumper10.jpg
45,UCLan Logo Jumper,Green,cotton authentic character and practicality are combined in this winter jumper for students that goes with everything to create casual looks,29.99,images/items/jumpers/jumper11.jpg
46,UCLan Logo Jumper,Dark Red,cotton authentic character and practicality are combined in this winter jumper for students that goes with everything to create casual looks,29.99,images/items/jumpers/jumper12.jpg
47,UCLan Logo Jumper,Yellow,cotton authentic character and practicality are combined in this winter jumper for students that goes with everything to create casual looks,29.99,images/items/jumpers/jumper13.jpg
48,UCLan Logo Jumper,Light Grey,cotton authentic character and practicality are combined in this winter jumper for students that goes with everything to create casual looks,29.99,images/items/jumpers/jumper14.jpg
49,UCLan Logo Jumper,Light Green,cotton authentic character and practicality are combined in this winter jumper for students that goes with everything to create casual looks,29.99,images/items/jumpers/jumper15.jpg
50,UCLan Logo Jumper,Old Red,cotton authentic character and practicality are combined in this winter jumper for students that goes with everything to create casual looks,29.99,images/items/jumpers/jumper16.jpg
51,UCLan Logo Jumper,Light Purple,cotton authentic character and practicality are combined in this winter jumper for students that goes with everything to create casual looks,29.99,images/items/jumpers/jumper17.jpg
52,UCLan Logo Jumper,Slate Blue,cotton authentic character and practicality are combined in this winter jumper for students that goes with everything to create casual looks,29.99,images/items/jumpers/jumper18.jpg
53,UCLan Logo Jumper,Real Red,cotton authentic character and practicality are combined in this winter jumper for students that goes with everything to create casual looks,29.99,images/items/jumpers/jumper19.jpg
54,UCLan Logo Jumper,Old Pink,cotton authentic character and practicality are combined in this winter jumper for students that goes with everything to create casual looks,29.99,images/items/jumpers/jumper20.jpg
55,UCLan Logo Jumper,Slate Grey,cotton authentic character and practicality are combined in this winter jumper for students that goes with everything to create casual looks,29.99,images/items/jumpers/jumper21.jpg
56,UCLan Logo Jumper,Bright Green,cotton authentic character and practicality are combined in this winter jumper for students that goes with everything to create casual looks,29.99,images/items/jumpers/jumper22.jpg
57,UCLan Logo Jumper,Teal,cotton authentic character and practicality are combined in this winter jumper for students that goes with everything to create casual looks,29.99,images/items/jumpers/jumper23.jpg
58,UCLan Logo Jumper,Sky Blue,cotton authentic character and practicality are combined in this winter jumper for students that goes with everything to create casual looks,29.99,images/items/jumpers/jumper24.jpg
59,UCLan Logo Jumper,Sunshine Pink,cotton authentic character and practicality are combined in this winter jumper for students that goes with everything to create casual looks,29.99,images/items/jumpers/jumper25.jpg
60,UCLan Logo Jumper,Bronze,cotton authentic character and practicality are combined in this winter jumper for students that goes with everything to create casual looks,29.99,images/items/jumpers/jumper26.jpg
61,UCLan Logo Jumper,Olive Green,cotton authentic character and practicality are combined in this winter jumper for students that goes with everything to create casual looks,29.99,images/items/jumpers/jumper27.jpg
62,UCLan Logo Jumper,Bright White Green,cotton authentic character and practicality are combined in this winter jumper for students that goes with everything to create casual looks,29.99,images/items/jumpers/jumper28.jpg
63,UCLan Logo Jumper,Navy Blue,cotton authentic character and practicality are combined in this winter jumper for students that goes with everything to create casual looks,29.99,images/items/jumpers/jumper29.jpg
64,UCLan Logo Jumper,Rusty Orange,cotton authentic character and practicality are combined in this winter jumper for students that goes with everything to create casual looks,29.99,images/items/jumpers/jumper30.jpg
65,UCLan Logo Jumper,Bright Orange,cotton authentic character and practicality are combined in this winter jumper for students that goes with everything to create casual looks,29.99,images/items/jumpers/jumper31.jpg
66,UCLan Logo Jumper,Sky Purple,cotton authentic character and practicality are combined in this winter jumper for students that goes with everything to create casual looks,29.99,images/items/jumpers/jumper32.jpg
67,UCLan Logo Jumper,Really Red,cotton authentic character and practicality are combined in this winter jumper for students that goes with everything to create casual looks,29.99,images/items/jumpers/jumper33.jpg
68,UCLan Logo Jumper,Plum Purple,cotton authentic character and practicality are combined in this winter jumper for students that goes with everything to create casual looks,29.99,images/items/jumpers/jumper34.jpg
69,UCLan Logo Jumper,Dark Purple,cotton authentic character and practicality are combined in this winter jumper for students that goes with everything to create casual looks,29.99,images/items/jumpers/jumper35.jpg
70,UCLan Logo Jumper,Vibrant Red,cotton authentic character and practicality are combined in this winter jumper for students that goes with everything to create casual looks,29.99,images/items/jumpers/jumper36.jpg
71,UCLan Logo Jumper,Ocean Blue,cotton authentic character and practicality are combined in this winter jumper for students that goes with everything to create casual looks,29.99,images/items/jumpers/jumper37.jpg
72,UCLan Logo Jumper,Creame,cotton authentic character and practicality are combined in this winter jumper for students that goes with everything to create casual looks,29.99,images/items/jumpers/jumper38.jpg
73,UCLan Logo Jumper,Lighter Blue,cotton authentic character and practicality are combined in this winter jumper for students that goes with everything to create casual looks,29.99,images/items/jumpers/jumper39.jpg
74,UCLan Logo Jumper,Light Grey,cotton authentic character and practicality are combined in this winter jumper for students that goes with everything to create casual looks,29.99,images/items/jumpers/jumper40.jpg
75,UCLan Logo Tshirt,Navy Blue New,cotton authentic character and practicality are combined in this summery t-shirt for students that goes with everything to create casual looks. Perfect for those summer days,19.99,images/items/tshirts/tshirt1.jpg
76,UCLan Logo Tshirt,Rusty Red New,cotton authentic character and practicality are combined in this summery t-shirt for students that goes with everything to create casual looks. Perfect for those summer days,19.99,images/items/tshirts/tshirt2.jpg
77,UCLan Logo Tshirt,Burgundy,cotton authentic character and practicality are combined in this summery t-shirt for students that goes with everything to create casual looks. Perfect for those summer days,19.99,images/items/tshirts/tshirt3.jpg
78,UCLan Logo Tshirt,Pink,cotton authentic character and practicality are combined in this summery t-shirt for students that goes with everything to create casual looks. Perfect for those summer days,19.99,images/items/tshirts/tshirt4.jpg
79,UCLan Logo Tshirt,Teal,cotton authentic character and practicality are combined in this summery t-shirt for students that goes with everything to create casual looks. Perfect for those summer days,19.99,images/items/tshirts/tshirt5.jpg
80,UCLan Logo Tshirt,Black,cotton authentic character and practicality are combined in this summery t-shirt for students that goes with everything to create casual looks. Perfect for those summer days,19.99,images/items/tshirts/tshirt6.jpg
81,UCLan Logo Tshirt,Old Red,cotton authentic character and practicality are combined in this summery t-shirt for students that goes with everything to create casual looks. Perfect for those summer days,19.99,images/items/tshirts/tshirt7.jpg
82,UCLan Logo Tshirt,Grey,cotton authentic character and practicality are combined in this summery t-shirt for students that goes with everything to create casual looks. Perfect for those summer days,19.99,images/items/tshirts/tshirt8.jpg
83,UCLan Logo Tshirt,Red,cotton authentic character and practicality are combined in this summery t-shirt for students that goes with everything to create casual looks. Perfect for those summer days,19.99,images/items/tshirts/tshirt9.jpg
84,UCLan Logo Tshirt,Brown,cotton authentic character and practicality are combined in this summery t-shirt for students that goes with everything to create casual looks. Perfect for those summer days,19.99,images/items/tshirts/tshirt10.jpg
85,UCLan Logo Tshirt,Pdark Purple,cotton authentic character and practicality are combined in this summery t-shirt for students that goes with everything to create casual looks. Perfect for those summer days,19.99,images/items/tshirts/tshirt11.jpg
86,UCLan Logo Tshirt,Yellow,cotton authentic character and practicality are combined in this summery t-shirt for students that goes with everything to create casual looks. Perfect for those summer days,19.99,images/items/tshirts/tshirt12.jpg
87,UCLan Logo Tshirt,Mustard Yellow,cotton authentic character and practicality are combined in this summery t-shirt for students that goes with everything to create casual looks. Perfect for those summer days,19.99,images/items/tshirts/tshirt13.jpg
88,UCLan Logo Tshirt,Dark Grey,cotton authentic character and practicality are combined in this summery t-shirt for students that goes with everything to create casual looks. Perfect for those summer days,19.99,images/items/tshirts/tshirt14.jpg
89,UCLan Logo Tshirt,Dark Green,cotton authentic character and practicality are combined in this summery t-shirt for students that goes with everything to create casual looks. Perfect for those summer days,19.99,images/items/tshirts/tshirt15.jpg
90,UCLan Logo Tshirt,Bright Green,cotton authentic character and practicality are combined in this summery t-shirt for students that goes with everything to create casual looks. Perfect for those summer days,19.99,images/items/tshirts/tshirt16.jpg
91,UCLan Logo Tshirt,Olive Green,cotton authentic character and practicality are combined in this summery t-shirt for students that goes with everything to create casual looks. Perfect for those summer days,19.99,images/items/tshirts/tshirt17.jpg
92,UCLan Logo Tshirt,Dark Grey,cotton authentic character and practicality are combined in this summery t-shirt for students that goes with everything to create casual looks. Perfect for those summer days,19.99,images/items/tshirts/tshirt18.jpg
93,UCLan Logo Tshirt,Orange,cotton authentic character and practicality are combined in this summery t-shirt for students that goes with everything to create casual looks. Perfect for those summer days,19.99,images/items/tshirts/tshirt19.jpg
94,UCLan Logo Tshirt,Purple,cotton authentic character and practicality are combined in this summery t-shirt for students that goes with everything to create casual looks. Perfect for those summer days,19.99,images/items/tshirts/tshirt20.jpg
95,UCLan Logo Tshirt,Slate Blue,cotton authentic character and practicality are combined in this summery t-shirt for students that goes with everything to create casual looks. Perfect for those summer days,19.99,images/items/tshirts/tshirt21.jpg
96,UCLan Logo Tshirt,Bright Pink,cotton authentic character and practicality are combined in this summery t-shirt for students that goes with everything to create casual looks. Perfect for those summer days,19.99,images/items/tshirts/tshirt22.jpg
97,UCLan Logo Tshirt,Brightly Green,cotton authentic character and practicality are combined in this summery t-shirt for students that goes with everything to create casual looks. Perfect for those summer days,19.99,images/items/tshirts/tshirt23.jpg
98,UCLan Logo Tshirt,Lime Green,cotton authentic character and practicality are combined in this summery t-shirt for students that goes with everything to create casual looks. Perfect for those summer days,19.99,images/items/tshirts/tshirt24.jpg
99,UCLan Logo Tshirt,Ocean Blue,cotton authentic character and practicality are combined in this summery t-shirt for students that goes with everything to create casual looks. Perfect for those summer days,19.99,images/items/tshirts/tshirt25.jpg
100,UCLan Logo Tshirt,Dark Red,cotton authentic character and practicality are combined in this summery t-shirt for students that goes with everything to create casual looks. Perfect for those summer days,19.99,images/items/tshirts/tshirt26.jpg
101,UCLan Logo Tshirt,Another Green,cotton authentic character and practicality are combined in this summery t-shirt for students that goes with everything to create casual looks. Perfect for those summer days,19.99,images/items/tshirts/tshirt27.jpg
102,UCLan Logo Tshirt,Slate Grey,cotton authentic character and practicality are combined in this summery t-shirt for students that goes with everything to create casual looks. Perfect for those summer days,19.99,images/items/tshirts/tshirt28.jpg
103,UCLan Logo Tshirt,Bright Orange,cotton authentic character and practicality are combined in this summery t-shirt for students that goes with everything to create casual looks. Perfect for those summer days,19.99,images/items/tshirts/tshirt29.jpg
104,UCLan Logo Tshirt,Another Purple,cotton authentic character and practicality are combined in this summery t-shirt for students that goes with everything to create casual looks. Perfect for those summer days,19.99,images/items/tshirts/tshirt30.jpg
105,UCLan Logo Tshirt,Real Red,cotton authentic character and practicality are combined in this summery t-shirt for students that goes with everything to create casual looks. Perfect for those summer days,19.99,images/items/tshirts/tshirt31.jpg
106,UCLan Logo Tshirt,Brilliant Blue,cotton authentic character and practicality are combined in this summery t-shirt for students that goes with everything to create casual looks. Perfect for those summer days,19.99,images/items/tshirts/tshirt32.jpg
107,UCLan Logo Tshirt,Creame,cotton authentic character and practicality are combined in this summery t-shirt for students that goes with everything to create casual looks. Perfect for those summer days,19.99,images/items/tshirts/tshirt33.jpg
108,UCLan Logo Tshirt,Teal Blue,cotton authentic character and practicality are combined in this summery t-shirt for students that goes with everything to create casual looks. Perfect for those summer days,19.99,images/items/tshirts/tshirt34.jpg
109,UCLan Logo Tshirt,White,cotton authentic character and practicality are combined in this summery t-shirt for students that goes with everything to create casual looks. Perfect for those summer days,19.99,images/items/tshirts/tshirt35.jpg
